Country,Year,DemocracyIndex
Canada,2021,8.87
United States,2021,7.85
Austria,2021,8.07
Belgium,2021,7.51
Cyprus,2021,7.43
Denmark,2021,9.09
Finland,2021,9.27
France,2021,7.99
Germany,2021,8.67
Greece,2021,7.56
Iceland,2021,9.18
Ireland,2021,9
Italy,2021,7.68
Luxembourg,2021,8.68
Malta,2021,7.57
Netherlands,2021,8.88
Norway,2021,9.75
Portugal,2021,7.82
Spain,2021,7.94
Sweden,2021,9.26
Switzerland,2021,8.9
Turkey,2021,4.35
United Kingdom,2021,8.1
Albania,2021,6.11
Armenia,2021,5.49
Azerbaijan,2021,2.68
Belarus,2021,2.41
Bosnia and Herzegovina,2021,5.04
Bulgaria,2021,6.64
Croatia,2021,6.5
Czech Republic,2021,7.74
Estonia,2021,7.84
Georgia,2021,5.12
Hungary,2021,6.5
Kazakhstan,2021,3.08
Kyrgyzstan,2021,3.62
Latvia,2021,7.31
Lithuania,2021,7.18
Moldova,2021,6.1
Montenegro,2021,6.02
North Macedonia,2021,6.03
Poland,2021,6.8
Romania,2021,6.43
Russia,2021,3.24
Serbia,2021,6.36
Slovakia,2021,7.03
Slovenia,2021,7.54
Tajikistan,2021,1.94
Turkmenistan,2021,1.66
Ukraine,2021,5.57
Uzbekistan,2021,2.12
Argentina,2021,6.81
Bolivia,2021,4.65
Brazil,2021,6.86
Chile,2021,7.92
Colombia,2021,6.48
Costa Rica,2021,8.07
Cuba,2021,2.59
Dominican Republic,2021,6.45
Ecuador,2021,5.71
El Salvador,2021,5.72
Guatemala,2021,4.62
Guyana,2021,6.25
Haiti,2021,3.48
Honduras,2021,5.1
Jamaica,2021,7.13
Mexico,2021,5.57
Nicaragua,2021,2.69
Panama,2021,6.85
Paraguay,2021,5.86
Peru,2021,6.09
Suriname,2021,6.82
Trinidad and Tobago,2021,7.16
Uruguay,2021,8.85
Venezuela,2021,2.11
Afghanistan,2021,0.32
Australia,2021,8.9
Bangladesh,2021,5.99
Bhutan,2021,5.71
Cambodia,2021,2.9
China,2021,2.21
Fiji,2021,5.61
Hong Kong,2021,5.6
India,2021,6.91
Indonesia,2021,6.71
Japan,2021,8.15
Laos,2021,1.77
Malaysia,2021,7.24
Mongolia,2021,6.42
Myanmar,2021,1.02
Nepal,2021,4.41
New Zealand,2021,9.37
North Korea,2021,1.08
Pakistan,2021,4.31
Papua New Guinea,2021,6.1
Philippines,2021,6.62
Singapore,2021,6.23
South Korea,2021,8.16
Sri Lanka,2021,6.14
Taiwan,2021,8.99
Thailand,2021,6.04
East Timor,2021,7.06
Vietnam,2021,2.94
Algeria,2021,3.77
Bahrain,2021,2.52
Egypt,2021,2.93
Iran,2021,1.95
Iraq,2021,3.51
Israel,2021,7.97
Jordan,2021,3.49
Kuwait,2021,3.91
Lebanon,2021,3.84
Libya,2021,1.95
Morocco,2021,5.04
Oman,2021,3
Palestine,2021,3.94
Qatar,2021,3.65
Saudi Arabia,2021,2.08
Sudan,2021,2.47
Syria,2021,1.43
Tunisia,2021,5.99
United Arab Emirates,2021,2.9
Yemen,2021,1.95
Angola,2021,3.37
Benin,2021,4.19
Botswana,2021,7.73
Burkina Faso,2021,3.84
Burundi,2021,2.13
Cape Verde,2021,7.65
Cameroon,2021,2.56
Central African Republic,2021,1.43
Chad,2021,1.67
Comoros,2021,3.2
Republic of the Congo,2021,2.79
Ivory Coast,2021,4.22
Democratic Republic of the Congo,2021,1.4
Djibouti,2021,2.74
Equatorial Guinea,2021,1.92
Eritrea,2021,2.03
Eswatini,2021,3.08
Ethiopia,2021,3.3
Gabon,2021,3.4
Gambia,2021,4.41
Ghana,2021,6.5
Guinea,2021,2.28
Guinea-Bissau,2021,2.75
Kenya,2021,5.05
Lesotho,2021,6.3
Liberia,2021,5.43
Madagascar,2021,5.7
Malawi,2021,5.74
Mali,2021,3.48
Mauritania,2021,4.03
Mauritius,2021,8.08
Mozambique,2021,3.51
Namibia,2021,6.52
Niger,2021,3.22
Nigeria,2021,4.11
Rwanda,2021,3.1
Senegal,2021,5.53
Sierra Leone,2021,4.97
South Africa,2021,7.05
Tanzania,2021,5.1
Togo,2021,2.8
Uganda,2021,4.48
Zambia,2021,5.72
Zimbabwe,2021,2.92
Canada,2020,9.24
United States,2020,7.92
Austria,2020,8.16
Belgium,2020,7.51
Cyprus,2020,7.56
Denmark,2020,9.15
Finland,2020,9.2
France,2020,7.99
Germany,2020,8.67
Greece,2020,7.39
Iceland,2020,9.37
Ireland,2020,9.05
Italy,2020,7.74
Luxembourg,2020,8.68
Malta,2020,7.68
Netherlands,2020,8.96
Norway,2020,9.81
Portugal,2020,7.9
Spain,2020,8.12
Sweden,2020,9.26
Switzerland,2020,8.83
Turkey,2020,4.48
United Kingdom,2020,8.54
Albania,2020,6.08
Armenia,2020,5.35
Azerbaijan,2020,2.68
Belarus,2020,2.59
Bosnia and Herzegovina,2020,4.84
Bulgaria,2020,6.71
Croatia,2020,6.5
Czech Republic,2020,7.67
Estonia,2020,7.84
Georgia,2020,5.31
Hungary,2020,6.56
Kazakhstan,2020,3.14
Kyrgyzstan,2020,4.21
Latvia,2020,7.24
Lithuania,2020,7.13
Moldova,2020,5.78
Montenegro,2020,5.77
North Macedonia,2020,5.89
Poland,2020,6.85
Romania,2020,6.4
Russia,2020,3.31
Serbia,2020,6.22
Slovakia,2020,6.97
Slovenia,2020,7.54
Tajikistan,2020,1.94
Turkmenistan,2020,1.72
Ukraine,2020,5.81
Uzbekistan,2020,2.12
Argentina,2020,6.95
Bolivia,2020,5.08
Brazil,2020,6.92
Chile,2020,8.28
Colombia,2020,7.04
Costa Rica,2020,8.16
Cuba,2020,2.84
Dominican Republic,2020,6.32
Ecuador,2020,6.13
El Salvador,2020,5.9
Guatemala,2020,4.97
Guyana,2020,6.01
Haiti,2020,4.22
Honduras,2020,5.36
Jamaica,2020,7.13
Mexico,2020,6.07
Nicaragua,2020,3.6
Panama,2020,7.18
Paraguay,2020,6.18
Peru,2020,6.53
Suriname,2020,6.82
Trinidad and Tobago,2020,7.16
Uruguay,2020,8.61
Venezuela,2020,2.76
Afghanistan,2020,2.85
Australia,2020,8.96
Bangladesh,2020,5.99
Bhutan,2020,5.71
Cambodia,2020,3.1
China,2020,2.27
Fiji,2020,5.72
Hong Kong,2020,5.57
India,2020,6.61
Indonesia,2020,6.3
Japan,2020,8.13
Laos,2020,1.77
Malaysia,2020,7.19
Mongolia,2020,6.48
Myanmar,2020,3.04
Nepal,2020,5.22
New Zealand,2020,9.25
North Korea,2020,1.08
Pakistan,2020,4.31
Papua New Guinea,2020,6.1
Philippines,2020,6.56
Singapore,2020,6.03
South Korea,2020,8.01
Sri Lanka,2020,6.14
Taiwan,2020,8.94
Thailand,2020,6.04
East Timor,2020,7.06
Vietnam,2020,2.94
Algeria,2020,3.77
Bahrain,2020,2.49
Egypt,2020,2.93
Iran,2020,2.2
Iraq,2020,3.62
Israel,2020,7.84
Jordan,2020,3.62
Kuwait,2020,3.8
Lebanon,2020,4.16
Libya,2020,1.95
Morocco,2020,5.04
Oman,2020,3
Palestine,2020,3.83
Qatar,2020,3.24
Saudi Arabia,2020,2.08
Sudan,2020,2.54
Syria,2020,1.43
Tunisia,2020,6.59
United Arab Emirates,2020,2.7
Yemen,2020,1.95
Angola,2020,3.66
Benin,2020,4.58
Botswana,2020,7.62
Burkina Faso,2020,3.73
Burundi,2020,2.14
Cape Verde,2020,7.65
Cameroon,2020,2.77
Central African Republic,2020,1.32
Chad,2020,1.55
Comoros,2020,3.09
Republic of the Congo,2020,3.11
Ivory Coast,2020,4.11
Democratic Republic of the Congo,2020,1.13
Djibouti,2020,2.71
Equatorial Guinea,2020,1.92
Eritrea,2020,2.15
Eswatini,2020,3.08
Ethiopia,2020,3.38
Gabon,2020,3.54
Gambia,2020,4.49
Ghana,2020,6.5
Guinea,2020,3.08
Guinea-Bissau,2020,2.63
Kenya,2020,5.05
Lesotho,2020,6.3
Liberia,2020,5.32
Madagascar,2020,5.7
Malawi,2020,5.74
Mali,2020,3.93
Mauritania,2020,3.92
Mauritius,2020,8.14
Mozambique,2020,3.51
Namibia,2020,6.52
Niger,2020,3.29
Nigeria,2020,4.1
Rwanda,2020,3.1
Senegal,2020,5.67
Sierra Leone,2020,4.86
South Africa,2020,7.05
Tanzania,2020,5.1
Togo,2020,2.8
Uganda,2020,4.94
Zambia,2020,4.86
Zimbabwe,2020,3.16
Canada,2019,9.22
United States,2019,7.96
Austria,2019,8.29
Belgium,2019,7.64
Cyprus,2019,7.59
Denmark,2019,9.22
Finland,2019,9.25
France,2019,8.12
Germany,2019,8.68
Greece,2019,7.43
Iceland,2019,9.58
Ireland,2019,9.24
Italy,2019,7.52
Luxembourg,2019,8.81
Malta,2019,7.95
Netherlands,2019,9.01
Norway,2019,9.87
Portugal,2019,8.03
Spain,2019,8.29
Sweden,2019,9.39
Switzerland,2019,9.03
Turkey,2019,4.09
United Kingdom,2019,8.52
Albania,2019,5.89
Armenia,2019,5.54
Azerbaijan,2019,2.75
Belarus,2019,2.48
Bosnia and Herzegovina,2019,4.86
Bulgaria,2019,7.03
Croatia,2019,6.57
Czech Republic,2019,7.69
Estonia,2019,7.9
Georgia,2019,5.42
Hungary,2019,6.63
Kazakhstan,2019,2.94
Kyrgyzstan,2019,4.89
Latvia,2019,7.49
Lithuania,2019,7.5
Moldova,2019,5.75
Montenegro,2019,5.65
North Macedonia,2019,5.97
Poland,2019,6.62
Romania,2019,6.49
Russia,2019,3.11
Serbia,2019,6.41
Slovakia,2019,7.17
Slovenia,2019,7.5
Tajikistan,2019,1.93
Turkmenistan,2019,1.72
Ukraine,2019,5.9
Uzbekistan,2019,2.01
Argentina,2019,7.02
Bolivia,2019,4.84
Brazil,2019,6.86
Chile,2019,8.08
Colombia,2019,7.13
Costa Rica,2019,8.13
Cuba,2019,2.84
Dominican Republic,2019,6.54
Ecuador,2019,6.33
El Salvador,2019,6.15
Guatemala,2019,5.26
Guyana,2019,6.15
Haiti,2019,4.57
Honduras,2019,5.42
Jamaica,2019,6.96
Mexico,2019,6.09
Nicaragua,2019,3.55
Panama,2019,7.05
Paraguay,2019,6.24
Peru,2019,6.6
Suriname,2019,6.98
Trinidad and Tobago,2019,7.16
Uruguay,2019,8.38
Venezuela,2019,2.88
Afghanistan,2019,2.85
Australia,2019,9.09
Bangladesh,2019,5.88
Bhutan,2019,5.3
Cambodia,2019,3.53
China,2019,2.26
Fiji,2019,5.85
Hong Kong,2019,6.02
India,2019,6.9
Indonesia,2019,6.48
Japan,2019,7.99
Laos,2019,2.14
Malaysia,2019,7.16
Mongolia,2019,6.5
Myanmar,2019,3.55
Nepal,2019,5.28
New Zealand,2019,9.26
North Korea,2019,1.08
Pakistan,2019,4.25
Papua New Guinea,2019,6.03
Philippines,2019,6.64
Singapore,2019,6.02
South Korea,2019,8
Sri Lanka,2019,6.27
Taiwan,2019,7.73
Thailand,2019,6.32
East Timor,2019,7.19
Vietnam,2019,3.08
Algeria,2019,4.01
Bahrain,2019,2.55
Egypt,2019,3.06
Iran,2019,2.38
Iraq,2019,3.74
Israel,2019,7.86
Jordan,2019,3.93
Kuwait,2019,3.93
Lebanon,2019,4.36
Libya,2019,2.02
Morocco,2019,5.1
Oman,2019,3.06
Palestine,2019,3.89
Qatar,2019,3.19
Saudi Arabia,2019,1.93
Sudan,2019,2.7
Syria,2019,1.43
Tunisia,2019,6.72
United Arab Emirates,2019,2.76
Yemen,2019,1.95
Angola,2019,3.72
Benin,2019,5.09
Botswana,2019,7.81
Burkina Faso,2019,4.04
Burundi,2019,2.15
Cape Verde,2019,7.78
Cameroon,2019,2.85
Central African Republic,2019,1.32
Chad,2019,1.61
Comoros,2019,3.15
Republic of the Congo,2019,3.11
Ivory Coast,2019,4.05
Democratic Republic of the Congo,2019,1.13
Djibouti,2019,2.77
Equatorial Guinea,2019,1.92
Eritrea,2019,2.37
Eswatini,2019,3.14
Ethiopia,2019,3.44
Gabon,2019,3.61
Gambia,2019,4.33
Ghana,2019,6.63
Guinea,2019,3.14
Guinea-Bissau,2019,2.63
Kenya,2019,5.18
Lesotho,2019,6.54
Liberia,2019,5.45
Madagascar,2019,5.64
Malawi,2019,5.5
Mali,2019,4.92
Mauritania,2019,3.92
Mauritius,2019,8.22
Mozambique,2019,3.65
Namibia,2019,6.43
Niger,2019,3.29
Nigeria,2019,4.12
Rwanda,2019,3.16
Senegal,2019,5.81
Sierra Leone,2019,4.86
South Africa,2019,7.24
Tanzania,2019,5.16
Togo,2019,3.3
Uganda,2019,5.02
Zambia,2019,5.09
Zimbabwe,2019,3.16
Canada,2018,9.15
United States,2018,7.96
Austria,2018,8.29
Belgium,2018,7.78
Cyprus,2018,7.59
Denmark,2018,9.22
Finland,2018,9.14
France,2018,7.8
Germany,2018,8.68
Greece,2018,7.29
Iceland,2018,9.58
Ireland,2018,9.15
Italy,2018,7.71
Luxembourg,2018,8.81
Malta,2018,8.21
Netherlands,2018,8.89
Norway,2018,9.87
Portugal,2018,7.84
Spain,2018,8.08
Sweden,2018,9.39
Switzerland,2018,9.03
Turkey,2018,4.37
United Kingdom,2018,8.53
Albania,2018,5.98
Armenia,2018,4.79
Azerbaijan,2018,2.65
Belarus,2018,3.13
Bosnia and Herzegovina,2018,4.98
Bulgaria,2018,7.03
Croatia,2018,6.57
Czech Republic,2018,7.69
Estonia,2018,7.97
Georgia,2018,5.5
Hungary,2018,6.63
Kazakhstan,2018,2.94
Kyrgyzstan,2018,5.11
Latvia,2018,7.38
Lithuania,2018,7.5
Moldova,2018,5.85
Montenegro,2018,5.74
North Macedonia,2018,5.87
Poland,2018,6.67
Romania,2018,6.38
Russia,2018,2.94
Serbia,2018,6.41
Slovakia,2018,7.1
Slovenia,2018,7.5
Tajikistan,2018,1.93
Turkmenistan,2018,1.72
Ukraine,2018,5.69
Uzbekistan,2018,2.01
Argentina,2018,7.02
Bolivia,2018,5.7
Brazil,2018,6.97
Chile,2018,7.97
Colombia,2018,6.96
Costa Rica,2018,8.07
Cuba,2018,3
Dominican Republic,2018,6.54
Ecuador,2018,6.27
El Salvador,2018,5.96
Guatemala,2018,5.6
Guyana,2018,6.67
Haiti,2018,4.91
Honduras,2018,5.63
Jamaica,2018,7.02
Mexico,2018,6.19
Nicaragua,2018,3.63
Panama,2018,7.05
Paraguay,2018,6.24
Peru,2018,6.6
Suriname,2018,6.98
Trinidad and Tobago,2018,7.16
Uruguay,2018,8.38
Venezuela,2018,3.16
Afghanistan,2018,2.97
Australia,2018,9.09
Bangladesh,2018,5.57
Bhutan,2018,5.3
Cambodia,2018,3.59
China,2018,3.32
Fiji,2018,5.85
Hong Kong,2018,6.15
India,2018,7.23
Indonesia,2018,6.39
Japan,2018,7.99
Laos,2018,2.37
Malaysia,2018,6.88
Mongolia,2018,6.5
Myanmar,2018,3.83
Nepal,2018,5.18
New Zealand,2018,9.26
North Korea,2018,1.08
Pakistan,2018,4.17
Papua New Guinea,2018,6.03
Philippines,2018,6.71
Singapore,2018,6.38
South Korea,2018,8
Sri Lanka,2018,6.19
Taiwan,2018,7.73
Thailand,2018,4.63
East Timor,2018,7.19
Vietnam,2018,3.08
Algeria,2018,3.5
Bahrain,2018,2.71
Egypt,2018,3.36
Iran,2018,2.45
Iraq,2018,4.06
Israel,2018,7.79
Jordan,2018,3.93
Kuwait,2018,3.85
Lebanon,2018,4.63
Libya,2018,2.19
Morocco,2018,4.99
Oman,2018,3.04
Palestine,2018,4.39
Qatar,2018,3.19
Saudi Arabia,2018,1.93
Sudan,2018,2.15
Syria,2018,1.43
Tunisia,2018,6.41
United Arab Emirates,2018,2.76
Yemen,2018,1.95
Angola,2018,3.62
Benin,2018,5.74
Botswana,2018,7.81
Burkina Faso,2018,4.75
Burundi,2018,2.33
Cape Verde,2018,7.88
Cameroon,2018,3.28
Central African Republic,2018,1.52
Chad,2018,1.61
Comoros,2018,3.71
Republic of the Congo,2018,3.31
Ivory Coast,2018,4.15
Democratic Republic of the Congo,2018,1.49
Djibouti,2018,2.87
Equatorial Guinea,2018,1.92
Eritrea,2018,2.37
Eswatini,2018,3.03
Ethiopia,2018,3.35
Gabon,2018,3.61
Gambia,2018,4.31
Ghana,2018,6.63
Guinea,2018,3.14
Guinea-Bissau,2018,1.98
Kenya,2018,5.11
Lesotho,2018,6.64
Liberia,2018,5.35
Madagascar,2018,5.22
Malawi,2018,5.49
Mali,2018,5.41
Mauritania,2018,3.82
Mauritius,2018,8.22
Mozambique,2018,3.85
Namibia,2018,6.25
Niger,2018,3.76
Nigeria,2018,4.44
Rwanda,2018,3.35
Senegal,2018,6.15
Sierra Leone,2018,4.66
South Africa,2018,7.24
Tanzania,2018,5.41
Togo,2018,3.1
Uganda,2018,5.2
Zambia,2018,5.61
Zimbabwe,2018,3.16
Canada,2017,9.15
United States,2017,7.98
Austria,2017,8.42
Belgium,2017,7.78
Cyprus,2017,7.59
Denmark,2017,9.22
Finland,2017,9.03
France,2017,7.8
Germany,2017,8.61
Greece,2017,7.29
Iceland,2017,9.58
Ireland,2017,9.15
Italy,2017,7.98
Luxembourg,2017,8.81
Malta,2017,8.15
Netherlands,2017,8.89
Norway,2017,9.87
Portugal,2017,7.84
Spain,2017,8.08
Sweden,2017,9.39
Switzerland,2017,9.03
Turkey,2017,4.88
United Kingdom,2017,8.53
Albania,2017,5.98
Armenia,2017,4.11
Azerbaijan,2017,2.65
Belarus,2017,3.13
Bosnia and Herzegovina,2017,4.87
Bulgaria,2017,7.03
Croatia,2017,6.63
Czech Republic,2017,7.62
Estonia,2017,7.79
Georgia,2017,5.93
Hungary,2017,6.64
Kazakhstan,2017,3.06
Kyrgyzstan,2017,5.11
Latvia,2017,7.25
Lithuania,2017,7.41
Moldova,2017,5.94
Montenegro,2017,5.69
North Macedonia,2017,5.57
Poland,2017,6.67
Romania,2017,6.44
Russia,2017,3.17
Serbia,2017,6.41
Slovakia,2017,7.16
Slovenia,2017,7.5
Tajikistan,2017,1.93
Turkmenistan,2017,1.72
Ukraine,2017,5.69
Uzbekistan,2017,1.95
Argentina,2017,6.96
Bolivia,2017,5.49
Brazil,2017,6.86
Chile,2017,7.84
Colombia,2017,6.67
Costa Rica,2017,7.88
Cuba,2017,3.31
Dominican Republic,2017,6.66
Ecuador,2017,6.02
El Salvador,2017,6.43
Guatemala,2017,5.86
Guyana,2017,6.46
Haiti,2017,4.03
Honduras,2017,5.72
Jamaica,2017,7.29
Mexico,2017,6.41
Nicaragua,2017,4.66
Panama,2017,7.08
Paraguay,2017,6.31
Peru,2017,6.49
Suriname,2017,6.76
Trinidad and Tobago,2017,7.04
Uruguay,2017,8.12
Venezuela,2017,3.87
Afghanistan,2017,2.55
Australia,2017,9.09
Bangladesh,2017,5.43
Bhutan,2017,5.08
Cambodia,2017,3.63
China,2017,3.1
Fiji,2017,5.85
Hong Kong,2017,6.31
India,2017,7.23
Indonesia,2017,6.39
Japan,2017,7.88
Laos,2017,2.37
Malaysia,2017,6.54
Mongolia,2017,6.5
Myanmar,2017,3.83
Nepal,2017,5.18
New Zealand,2017,9.26
North Korea,2017,1.08
Pakistan,2017,4.26
Papua New Guinea,2017,6.03
Philippines,2017,6.71
Singapore,2017,6.32
South Korea,2017,8
Sri Lanka,2017,6.48
Taiwan,2017,7.73
Thailand,2017,4.63
East Timor,2017,7.19
Vietnam,2017,3.08
Algeria,2017,3.56
Bahrain,2017,2.71
Egypt,2017,3.36
Iran,2017,2.45
Iraq,2017,4.09
Israel,2017,7.79
Jordan,2017,3.87
Kuwait,2017,3.85
Lebanon,2017,4.72
Libya,2017,2.32
Morocco,2017,4.87
Oman,2017,3.04
Palestine,2017,4.46
Qatar,2017,3.19
Saudi Arabia,2017,1.93
Sudan,2017,2.15
Syria,2017,1.43
Tunisia,2017,6.32
United Arab Emirates,2017,2.69
Yemen,2017,2.07
Angola,2017,3.62
Benin,2017,5.61
Botswana,2017,7.81
Burkina Faso,2017,4.75
Burundi,2017,2.33
Cape Verde,2017,7.88
Cameroon,2017,3.61
Central African Republic,2017,1.52
Chad,2017,1.5
Comoros,2017,3.71
Republic of the Congo,2017,3.25
Ivory Coast,2017,3.93
Democratic Republic of the Congo,2017,1.61
Djibouti,2017,2.76
Equatorial Guinea,2017,1.81
Eritrea,2017,2.37
Eswatini,2017,3.03
Ethiopia,2017,3.42
Gabon,2017,3.61
Gambia,2017,4.06
Ghana,2017,6.69
Guinea,2017,3.14
Guinea-Bissau,2017,1.98
Kenya,2017,5.11
Lesotho,2017,6.64
Liberia,2017,5.23
Madagascar,2017,5.11
Malawi,2017,5.49
Mali,2017,5.64
Mauritania,2017,3.82
Mauritius,2017,8.22
Mozambique,2017,4.02
Namibia,2017,6.31
Niger,2017,3.76
Nigeria,2017,4.44
Rwanda,2017,3.19
Senegal,2017,6.15
Sierra Leone,2017,4.66
South Africa,2017,7.24
Tanzania,2017,5.47
Togo,2017,3.05
Uganda,2017,5.09
Zambia,2017,5.68
Zimbabwe,2017,3.16
Canada,2016,9.15
United States,2016,7.98
Austria,2016,8.41
Belgium,2016,7.77
Cyprus,2016,7.65
Denmark,2016,9.2
Finland,2016,9.03
France,2016,7.92
Germany,2016,8.63
Greece,2016,7.23
Iceland,2016,9.5
Ireland,2016,9.15
Italy,2016,7.98
Luxembourg,2016,8.81
Malta,2016,8.39
Netherlands,2016,8.8
Norway,2016,9.93
Portugal,2016,7.86
Spain,2016,8.3
Sweden,2016,9.39
Switzerland,2016,9.09
Turkey,2016,5.04
United Kingdom,2016,8.36
Albania,2016,5.91
Armenia,2016,3.88
Azerbaijan,2016,2.65
Belarus,2016,3.54
Bosnia and Herzegovina,2016,4.87
Bulgaria,2016,7.01
Croatia,2016,6.75
Czech Republic,2016,7.82
Estonia,2016,7.85
Georgia,2016,5.93
Hungary,2016,6.72
Kazakhstan,2016,3.06
Kyrgyzstan,2016,4.93
Latvia,2016,7.31
Lithuania,2016,7.47
Moldova,2016,6.01
Montenegro,2016,5.72
North Macedonia,2016,5.23
Poland,2016,6.83
Romania,2016,6.62
Russia,2016,3.24
Serbia,2016,6.57
Slovakia,2016,7.29
Slovenia,2016,7.51
Tajikistan,2016,1.89
Turkmenistan,2016,1.83
Ukraine,2016,5.7
Uzbekistan,2016,1.95
Argentina,2016,6.96
Bolivia,2016,5.63
Brazil,2016,6.9
Chile,2016,7.78
Colombia,2016,6.67
Costa Rica,2016,7.88
Cuba,2016,3.46
Dominican Republic,2016,6.67
Ecuador,2016,5.81
El Salvador,2016,6.64
Guatemala,2016,5.92
Guyana,2016,6.25
Haiti,2016,4.02
Honduras,2016,5.92
Jamaica,2016,7.39
Mexico,2016,6.47
Nicaragua,2016,4.81
Panama,2016,7.13
Paraguay,2016,6.27
Peru,2016,6.65
Suriname,2016,6.77
Trinidad and Tobago,2016,7.1
Uruguay,2016,8.17
Venezuela,2016,4.68
Afghanistan,2016,2.55
Australia,2016,9.01
Bangladesh,2016,5.73
Bhutan,2016,4.93
Cambodia,2016,4.27
China,2016,3.18
Fiji,2016,5.64
Hong Kong,2016,6.42
India,2016,7.81
Indonesia,2016,6.97
Japan,2016,7.99
Laos,2016,2.37
Malaysia,2016,6.54
Mongolia,2016,6.62
Myanmar,2016,4.2
Nepal,2016,4.86
New Zealand,2016,9.26
North Korea,2016,1.08
Pakistan,2016,4.33
Papua New Guinea,2016,6.03
Philippines,2016,6.94
Singapore,2016,6.38
South Korea,2016,7.92
Sri Lanka,2016,6.48
Taiwan,2016,7.79
Thailand,2016,4.92
East Timor,2016,7.24
Vietnam,2016,3.38
Algeria,2016,3.56
Bahrain,2016,2.79
Egypt,2016,3.31
Iran,2016,2.34
Iraq,2016,4.08
Israel,2016,7.85
Jordan,2016,3.96
Kuwait,2016,3.85
Lebanon,2016,4.86
Libya,2016,2.25
Morocco,2016,4.77
Oman,2016,3.04
Palestine,2016,4.49
Qatar,2016,3.18
Saudi Arabia,2016,1.93
Sudan,2016,2.37
Syria,2016,1.43
Tunisia,2016,6.4
United Arab Emirates,2016,2.75
Yemen,2016,2.07
Angola,2016,3.4
Benin,2016,5.67
Botswana,2016,7.87
Burkina Faso,2016,4.7
Burundi,2016,2.4
Cape Verde,2016,7.94
Cameroon,2016,3.46
Central African Republic,2016,1.61
Chad,2016,1.5
Comoros,2016,3.71
Republic of the Congo,2016,2.91
Ivory Coast,2016,3.81
Democratic Republic of the Congo,2016,1.93
Djibouti,2016,2.83
Equatorial Guinea,2016,1.7
Eritrea,2016,2.37
Eswatini,2016,3.03
Ethiopia,2016,3.6
Gabon,2016,3.74
Gambia,2016,2.91
Ghana,2016,6.75
Guinea,2016,3.14
Guinea-Bissau,2016,1.98
Kenya,2016,5.33
Lesotho,2016,6.59
Liberia,2016,5.31
Madagascar,2016,5.07
Malawi,2016,5.55
Mali,2016,5.7
Mauritania,2016,3.96
Mauritius,2016,8.28
Mozambique,2016,4.02
Namibia,2016,6.31
Niger,2016,3.96
Nigeria,2016,4.5
Rwanda,2016,3.07
Senegal,2016,6.21
Sierra Leone,2016,4.55
South Africa,2016,7.41
Tanzania,2016,5.76
Togo,2016,3.32
Uganda,2016,5.26
Zambia,2016,5.99
Zimbabwe,2016,3.05
Canada,2015,9.08
United States,2015,8.05
Austria,2015,8.54
Belgium,2015,7.93
Cyprus,2015,7.53
Denmark,2015,9.11
Finland,2015,9.03
France,2015,7.92
Germany,2015,8.64
Greece,2015,7.45
Iceland,2015,9.58
Ireland,2015,8.85
Italy,2015,7.98
Luxembourg,2015,8.88
Malta,2015,8.39
Netherlands,2015,8.92
Norway,2015,9.93
Portugal,2015,7.79
Spain,2015,8.3
Sweden,2015,9.45
Switzerland,2015,9.09
Turkey,2015,5.12
United Kingdom,2015,8.31
Albania,2015,5.91
Armenia,2015,4
Azerbaijan,2015,2.71
Belarus,2015,3.62
Bosnia and Herzegovina,2015,4.83
Bulgaria,2015,7.14
Croatia,2015,6.93
Czech Republic,2015,7.94
Estonia,2015,7.85
Georgia,2015,5.88
Hungary,2015,6.84
Kazakhstan,2015,3.06
Kyrgyzstan,2015,5.33
Latvia,2015,7.37
Lithuania,2015,7.54
Moldova,2015,6.35
Montenegro,2015,6.01
North Macedonia,2015,6.02
Poland,2015,7.09
Romania,2015,6.68
Russia,2015,3.31
Serbia,2015,6.71
Slovakia,2015,7.29
Slovenia,2015,7.57
Tajikistan,2015,1.95
Turkmenistan,2015,1.83
Ukraine,2015,5.7
Uzbekistan,2015,1.95
Argentina,2015,7.02
Bolivia,2015,5.75
Brazil,2015,6.96
Chile,2015,7.84
Colombia,2015,6.62
Costa Rica,2015,7.96
Cuba,2015,3.52
Dominican Republic,2015,6.67
Ecuador,2015,5.87
El Salvador,2015,6.64
Guatemala,2015,5.92
Guyana,2015,6.05
Haiti,2015,3.94
Honduras,2015,5.84
Jamaica,2015,7.39
Mexico,2015,6.55
Nicaragua,2015,5.26
Panama,2015,7.19
Paraguay,2015,6.33
Peru,2015,6.58
Suriname,2015,6.77
Trinidad and Tobago,2015,7.1
Uruguay,2015,8.17
Venezuela,2015,5
Afghanistan,2015,2.77
Australia,2015,9.01
Bangladesh,2015,5.73
Bhutan,2015,4.93
Cambodia,2015,4.27
China,2015,3.14
Fiji,2015,5.69
Hong Kong,2015,6.5
India,2015,7.74
Indonesia,2015,7.03
Japan,2015,7.96
Laos,2015,2.21
Malaysia,2015,6.43
Mongolia,2015,6.62
Myanmar,2015,4.14
Nepal,2015,4.77
New Zealand,2015,9.26
North Korea,2015,1.08
Pakistan,2015,4.4
Papua New Guinea,2015,6.03
Philippines,2015,6.84
Singapore,2015,6.14
South Korea,2015,7.97
Sri Lanka,2015,6.42
Taiwan,2015,7.83
Thailand,2015,5.09
East Timor,2015,7.24
Vietnam,2015,3.53
Algeria,2015,3.95
Bahrain,2015,2.79
Egypt,2015,3.18
Iran,2015,2.16
Iraq,2015,4.08
Israel,2015,7.77
Jordan,2015,3.86
Kuwait,2015,3.85
Lebanon,2015,4.86
Libya,2015,2.25
Morocco,2015,4.66
Oman,2015,3.04
Palestine,2015,4.57
Qatar,2015,3.18
Saudi Arabia,2015,1.93
Sudan,2015,2.37
Syria,2015,1.43
Tunisia,2015,6.72
United Arab Emirates,2015,2.75
Yemen,2015,2.24
Angola,2015,3.35
Benin,2015,5.72
Botswana,2015,7.87
Burkina Faso,2015,4.7
Burundi,2015,2.49
Cape Verde,2015,7.81
Cameroon,2015,3.66
Central African Republic,2015,1.57
Chad,2015,1.5
Comoros,2015,3.71
Republic of the Congo,2015,2.91
Ivory Coast,2015,3.31
Democratic Republic of the Congo,2015,2.11
Djibouti,2015,2.9
Equatorial Guinea,2015,1.77
Eritrea,2015,2.37
Eswatini,2015,3.09
Ethiopia,2015,3.83
Gabon,2015,3.76
Gambia,2015,2.97
Ghana,2015,6.86
Guinea,2015,3.14
Guinea-Bissau,2015,1.93
Kenya,2015,5.33
Lesotho,2015,6.59
Liberia,2015,4.95
Madagascar,2015,4.85
Malawi,2015,5.55
Mali,2015,5.7
Mauritania,2015,3.96
Mauritius,2015,8.27
Mozambique,2015,4.6
Namibia,2015,6.31
Niger,2015,4.62
Nigeria,2015,3.85
Rwanda,2015,3.07
Senegal,2015,6.08
Sierra Leone,2015,4.55
South Africa,2015,7.56
Tanzania,2015,5.58
Togo,2015,3.41
Uganda,2015,5.22
Zambia,2015,6.28
Zimbabwe,2015,3.05
Canada,2014,9.08
United States,2014,8.11
Austria,2014,8.54
Belgium,2014,7.93
Cyprus,2014,7.4
Denmark,2014,9.11
Finland,2014,9.03
France,2014,8.04
Germany,2014,8.64
Greece,2014,7.45
Iceland,2014,9.58
Ireland,2014,8.72
Italy,2014,7.85
Luxembourg,2014,8.88
Malta,2014,8.39
Netherlands,2014,8.92
Norway,2014,9.93
Portugal,2014,7.79
Spain,2014,8.05
Sweden,2014,9.73
Switzerland,2014,9.09
Turkey,2014,5.12
United Kingdom,2014,8.31
Albania,2014,5.67
Armenia,2014,4.13
Azerbaijan,2014,2.83
Belarus,2014,3.69
Bosnia and Herzegovina,2014,4.78
Bulgaria,2014,6.73
Croatia,2014,6.93
Czech Republic,2014,7.94
Estonia,2014,7.74
Georgia,2014,5.82
Hungary,2014,6.9
Kazakhstan,2014,3.17
Kyrgyzstan,2014,5.24
Latvia,2014,7.48
Lithuania,2014,7.54
Moldova,2014,6.32
Montenegro,2014,5.94
North Macedonia,2014,6.25
Poland,2014,7.47
Romania,2014,6.68
Russia,2014,3.39
Serbia,2014,6.71
Slovakia,2014,7.35
Slovenia,2014,7.57
Tajikistan,2014,2.37
Turkmenistan,2014,1.83
Ukraine,2014,5.42
Uzbekistan,2014,2.45
Argentina,2014,6.84
Bolivia,2014,5.79
Brazil,2014,7.38
Chile,2014,7.8
Colombia,2014,6.55
Costa Rica,2014,8.03
Cuba,2014,3.52
Dominican Republic,2014,6.67
Ecuador,2014,5.87
El Salvador,2014,6.53
Guatemala,2014,5.81
Guyana,2014,5.91
Haiti,2014,3.82
Honduras,2014,5.84
Jamaica,2014,7.39
Mexico,2014,6.68
Nicaragua,2014,5.32
Panama,2014,7.08
Paraguay,2014,6.26
Peru,2014,6.54
Suriname,2014,6.77
Trinidad and Tobago,2014,6.99
Uruguay,2014,8.17
Venezuela,2014,5.07
Afghanistan,2014,2.77
Australia,2014,9.01
Bangladesh,2014,5.78
Bhutan,2014,4.87
Cambodia,2014,4.78
China,2014,3
Fiji,2014,5.61
Hong Kong,2014,6.46
India,2014,7.92
Indonesia,2014,6.95
Japan,2014,8.08
Laos,2014,2.21
Malaysia,2014,6.49
Mongolia,2014,6.62
Myanmar,2014,3.05
Nepal,2014,4.77
New Zealand,2014,9.26
North Korea,2014,1.08
Pakistan,2014,4.64
Papua New Guinea,2014,6.03
Philippines,2014,6.77
Singapore,2014,6.03
South Korea,2014,8.06
Sri Lanka,2014,5.69
Taiwan,2014,7.65
Thailand,2014,5.39
East Timor,2014,7.24
Vietnam,2014,3.41
Algeria,2014,3.83
Bahrain,2014,2.87
Egypt,2014,3.16
Iran,2014,1.98
Iraq,2014,4.23
Israel,2014,7.63
Jordan,2014,3.76
Kuwait,2014,3.78
Lebanon,2014,5.12
Libya,2014,3.8
Morocco,2014,4
Oman,2014,3.15
Palestine,2014,4.72
Qatar,2014,3.18
Saudi Arabia,2014,1.82
Sudan,2014,2.54
Syria,2014,1.74
Tunisia,2014,6.31
United Arab Emirates,2014,2.64
Yemen,2014,2.79
Angola,2014,3.35
Benin,2014,5.65
Botswana,2014,7.87
Burkina Faso,2014,4.09
Burundi,2014,3.33
Cape Verde,2014,7.81
Cameroon,2014,3.41
Central African Republic,2014,1.49
Chad,2014,1.5
Comoros,2014,3.52
Republic of the Congo,2014,2.89
Ivory Coast,2014,3.53
Democratic Republic of the Congo,2014,1.75
Djibouti,2014,2.99
Equatorial Guinea,2014,1.66
Eritrea,2014,2.44
Eswatini,2014,3.09
Ethiopia,2014,3.72
Gabon,2014,3.76
Gambia,2014,3.05
Ghana,2014,6.33
Guinea,2014,3.01
Guinea-Bissau,2014,1.93
Kenya,2014,5.13
Lesotho,2014,6.66
Liberia,2014,4.95
Madagascar,2014,4.42
Malawi,2014,5.66
Mali,2014,5.79
Mauritania,2014,4.17
Mauritius,2014,8.17
Mozambique,2014,4.66
Namibia,2014,6.24
Niger,2014,4.02
Nigeria,2014,3.76
Rwanda,2014,3.25
Senegal,2014,6.15
Sierra Leone,2014,4.56
South Africa,2014,7.82
Tanzania,2014,5.77
Togo,2014,3.45
Uganda,2014,5.22
Zambia,2014,6.39
Zimbabwe,2014,2.78
Canada,2013,9.08
United States,2013,8.11
Austria,2013,8.48
Belgium,2013,8.05
Cyprus,2013,7.29
Denmark,2013,9.38
Finland,2013,9.03
France,2013,7.92
Germany,2013,8.31
Greece,2013,7.65
Iceland,2013,9.65
Ireland,2013,8.68
Italy,2013,7.85
Luxembourg,2013,8.88
Malta,2013,8.28
Netherlands,2013,8.84
Norway,2013,9.93
Portugal,2013,7.65
Spain,2013,8.02
Sweden,2013,9.73
Switzerland,2013,9.09
Turkey,2013,5.63
United Kingdom,2013,8.31
Albania,2013,5.67
Armenia,2013,4.02
Azerbaijan,2013,3.06
Belarus,2013,3.04
Bosnia and Herzegovina,2013,5.02
Bulgaria,2013,6.83
Croatia,2013,6.93
Czech Republic,2013,8.06
Estonia,2013,7.61
Georgia,2013,5.95
Hungary,2013,6.96
Kazakhstan,2013,3.06
Kyrgyzstan,2013,4.69
Latvia,2013,7.05
Lithuania,2013,7.54
Moldova,2013,6.32
Montenegro,2013,5.94
North Macedonia,2013,6.16
Poland,2013,7.12
Romania,2013,6.54
Russia,2013,3.59
Serbia,2013,6.67
Slovakia,2013,7.35
Slovenia,2013,7.88
Tajikistan,2013,2.51
Turkmenistan,2013,1.72
Ukraine,2013,5.84
Uzbekistan,2013,1.72
Argentina,2013,6.84
Bolivia,2013,5.79
Brazil,2013,7.12
Chile,2013,7.8
Colombia,2013,6.55
Costa Rica,2013,8.03
Cuba,2013,3.52
Dominican Republic,2013,6.74
Ecuador,2013,5.87
El Salvador,2013,6.53
Guatemala,2013,5.81
Guyana,2013,6.05
Haiti,2013,3.94
Honduras,2013,5.84
Jamaica,2013,7.39
Mexico,2013,6.91
Nicaragua,2013,5.46
Panama,2013,7.08
Paraguay,2013,6.26
Peru,2013,6.54
Suriname,2013,6.77
Trinidad and Tobago,2013,6.99
Uruguay,2013,8.17
Venezuela,2013,5.07
Afghanistan,2013,2.48
Australia,2013,9.13
Bangladesh,2013,5.86
Bhutan,2013,4.82
Cambodia,2013,4.6
China,2013,3
Fiji,2013,3.61
Hong Kong,2013,6.42
India,2013,7.69
Indonesia,2013,6.82
Japan,2013,8.08
Laos,2013,2.21
Malaysia,2013,6.49
Mongolia,2013,6.51
Myanmar,2013,2.76
Nepal,2013,4.77
New Zealand,2013,9.26
North Korea,2013,1.08
Pakistan,2013,4.64
Papua New Guinea,2013,6.36
Philippines,2013,6.41
Singapore,2013,5.92
South Korea,2013,8.06
Sri Lanka,2013,5.69
Taiwan,2013,7.57
Thailand,2013,6.25
East Timor,2013,7.24
Vietnam,2013,3.29
Algeria,2013,3.83
Bahrain,2013,2.87
Egypt,2013,3.27
Iran,2013,1.98
Iraq,2013,4.1
Israel,2013,7.53
Jordan,2013,3.76
Kuwait,2013,3.78
Lebanon,2013,5.05
Libya,2013,4.82
Morocco,2013,4.07
Oman,2013,3.26
Palestine,2013,4.8
Qatar,2013,3.18
Saudi Arabia,2013,1.82
Sudan,2013,2.54
Syria,2013,1.86
Tunisia,2013,5.76
United Arab Emirates,2013,2.52
Yemen,2013,2.79
Angola,2013,3.35
Benin,2013,5.87
Botswana,2013,7.98
Burkina Faso,2013,4.15
Burundi,2013,3.41
Cape Verde,2013,7.92
Cameroon,2013,3.41
Central African Republic,2013,1.49
Chad,2013,1.5
Comoros,2013,3.52
Republic of the Congo,2013,2.89
Ivory Coast,2013,3.25
Democratic Republic of the Congo,2013,1.83
Djibouti,2013,2.96
Equatorial Guinea,2013,1.77
Eritrea,2013,2.4
Eswatini,2013,3.2
Ethiopia,2013,3.83
Gabon,2013,3.76
Gambia,2013,3.31
Ghana,2013,6.33
Guinea,2013,2.84
Guinea-Bissau,2013,1.26
Kenya,2013,5.13
Lesotho,2013,6.66
Liberia,2013,4.95
Madagascar,2013,4.32
Malawi,2013,6
Mali,2013,5.9
Mauritania,2013,4.17
Mauritius,2013,8.17
Mozambique,2013,4.77
Namibia,2013,6.24
Niger,2013,4.08
Nigeria,2013,3.77
Rwanda,2013,3.38
Senegal,2013,6.15
Sierra Leone,2013,4.64
South Africa,2013,7.9
Tanzania,2013,5.77
Togo,2013,3.45
Uganda,2013,5.22
Zambia,2013,6.26
Zimbabwe,2013,2.67
Canada,2012,9.08
United States,2012,8.11
Austria,2012,8.62
Belgium,2012,8.05
Cyprus,2012,7.29
Denmark,2012,9.52
Finland,2012,9.06
France,2012,7.88
Germany,2012,8.34
Greece,2012,7.65
Iceland,2012,9.65
Ireland,2012,8.56
Italy,2012,7.74
Luxembourg,2012,8.88
Malta,2012,8.28
Netherlands,2012,8.99
Norway,2012,9.93
Portugal,2012,7.92
Spain,2012,8.02
Sweden,2012,9.73
Switzerland,2012,9.09
Turkey,2012,5.76
United Kingdom,2012,8.21
Albania,2012,5.67
Armenia,2012,4.09
Azerbaijan,2012,3.15
Belarus,2012,3.04
Bosnia and Herzegovina,2012,5.11
Bulgaria,2012,6.72
Croatia,2012,6.93
Czech Republic,2012,8.19
Estonia,2012,7.61
Georgia,2012,5.53
Hungary,2012,6.96
Kazakhstan,2012,2.95
Kyrgyzstan,2012,4.69
Latvia,2012,7.05
Lithuania,2012,7.24
Moldova,2012,6.32
Montenegro,2012,6.05
North Macedonia,2012,6.16
Poland,2012,7.12
Romania,2012,6.54
Russia,2012,3.74
Serbia,2012,6.33
Slovakia,2012,7.35
Slovenia,2012,7.88
Tajikistan,2012,2.51
Turkmenistan,2012,1.72
Ukraine,2012,5.91
Uzbekistan,2012,1.72
Argentina,2012,6.84
Bolivia,2012,5.84
Brazil,2012,7.12
Chile,2012,7.54
Colombia,2012,6.63
Costa Rica,2012,8.1
Cuba,2012,3.52
Dominican Republic,2012,6.49
Ecuador,2012,5.78
El Salvador,2012,6.47
Guatemala,2012,5.88
Guyana,2012,6.05
Haiti,2012,3.96
Honduras,2012,5.84
Jamaica,2012,7.39
Mexico,2012,6.9
Nicaragua,2012,5.56
Panama,2012,7.08
Paraguay,2012,6.26
Peru,2012,6.47
Suriname,2012,6.65
Trinidad and Tobago,2012,6.99
Uruguay,2012,8.17
Venezuela,2012,5.15
Afghanistan,2012,2.48
Australia,2012,9.22
Bangladesh,2012,5.86
Bhutan,2012,4.65
Cambodia,2012,4.96
China,2012,3
Fiji,2012,3.67
Hong Kong,2012,6.42
India,2012,7.52
Indonesia,2012,6.76
Japan,2012,8.08
Laos,2012,2.32
Malaysia,2012,6.41
Mongolia,2012,6.35
Myanmar,2012,2.35
Nepal,2012,4.16
New Zealand,2012,9.26
North Korea,2012,1.08
Pakistan,2012,4.57
Papua New Guinea,2012,6.32
Philippines,2012,6.3
Singapore,2012,5.88
South Korea,2012,8.13
Sri Lanka,2012,5.75
Taiwan,2012,7.57
Thailand,2012,6.55
East Timor,2012,7.16
Vietnam,2012,2.89
Algeria,2012,3.83
Bahrain,2012,2.53
Egypt,2012,4.56
Iran,2012,1.98
Iraq,2012,4.1
Israel,2012,7.53
Jordan,2012,3.76
Kuwait,2012,3.78
Lebanon,2012,5.05
Libya,2012,5.15
Morocco,2012,4.07
Oman,2012,3.26
Palestine,2012,4.8
Qatar,2012,3.18
Saudi Arabia,2012,1.71
Sudan,2012,2.38
Syria,2012,1.63
Tunisia,2012,5.67
United Arab Emirates,2012,2.58
Yemen,2012,3.12
Angola,2012,3.35
Benin,2012,6
Botswana,2012,7.85
Burkina Faso,2012,3.52
Burundi,2012,3.6
Cape Verde,2012,7.92
Cameroon,2012,3.44
Central African Republic,2012,1.99
Chad,2012,1.62
Comoros,2012,3.52
Republic of the Congo,2012,2.89
Ivory Coast,2012,3.25
Democratic Republic of the Congo,2012,1.92
Djibouti,2012,2.74
Equatorial Guinea,2012,1.83
Eritrea,2012,2.4
Eswatini,2012,3.2
Ethiopia,2012,3.72
Gabon,2012,3.56
Gambia,2012,3.31
Ghana,2012,6.02
Guinea,2012,2.79
Guinea-Bissau,2012,1.43
Kenya,2012,4.71
Lesotho,2012,6.66
Liberia,2012,4.95
Madagascar,2012,3.93
Malawi,2012,6.08
Mali,2012,5.12
Mauritania,2012,4.17
Mauritius,2012,8.17
Mozambique,2012,4.88
Namibia,2012,6.24
Niger,2012,4.16
Nigeria,2012,3.77
Rwanda,2012,3.36
Senegal,2012,6.09
Sierra Leone,2012,4.71
South Africa,2012,7.79
Tanzania,2012,5.88
Togo,2012,3.45
Uganda,2012,5.16
Zambia,2012,6.26
Zimbabwe,2012,2.67
Canada,2011,9.08
United States,2011,8.11
Austria,2011,8.49
Belgium,2011,8.05
Cyprus,2011,7.29
Denmark,2011,9.52
Finland,2011,9.06
France,2011,7.77
Germany,2011,8.34
Greece,2011,7.65
Iceland,2011,9.65
Ireland,2011,8.56
Italy,2011,7.74
Luxembourg,2011,8.88
Malta,2011,8.28
Netherlands,2011,8.99
Norway,2011,9.8
Portugal,2011,7.81
Spain,2011,8.02
Sweden,2011,9.5
Switzerland,2011,9.09
Turkey,2011,5.73
United Kingdom,2011,8.16
Albania,2011,5.81
Armenia,2011,4.09
Azerbaijan,2011,3.15
Belarus,2011,3.16
Bosnia and Herzegovina,2011,5.24
Bulgaria,2011,6.78
Croatia,2011,6.73
Czech Republic,2011,8.19
Estonia,2011,7.61
Georgia,2011,4.74
Hungary,2011,7.04
Kazakhstan,2011,3.24
Kyrgyzstan,2011,4.34
Latvia,2011,7.05
Lithuania,2011,7.24
Moldova,2011,6.32
Montenegro,2011,6.15
North Macedonia,2011,6.16
Poland,2011,7.12
Romania,2011,6.54
Russia,2011,3.92
Serbia,2011,6.33
Slovakia,2011,7.35
Slovenia,2011,7.76
Tajikistan,2011,2.51
Turkmenistan,2011,1.72
Ukraine,2011,5.94
Uzbekistan,2011,1.74
Argentina,2011,6.84
Bolivia,2011,5.84
Brazil,2011,7.12
Chile,2011,7.54
Colombia,2011,6.63
Costa Rica,2011,8.1
Cuba,2011,3.52
Dominican Republic,2011,6.2
Ecuador,2011,5.72
El Salvador,2011,6.47
Guatemala,2011,5.88
Guyana,2011,6.05
Haiti,2011,4
Honduras,2011,5.84
Jamaica,2011,7.13
Mexico,2011,6.93
Nicaragua,2011,5.56
Panama,2011,7.08
Paraguay,2011,6.4
Peru,2011,6.59
Suriname,2011,6.65
Trinidad and Tobago,2011,7.16
Uruguay,2011,8.17
Venezuela,2011,5.08
Afghanistan,2011,2.48
Australia,2011,9.22
Bangladesh,2011,5.86
Bhutan,2011,4.57
Cambodia,2011,4.87
China,2011,3.14
Fiji,2011,3.67
Hong Kong,2011,5.92
India,2011,7.3
Indonesia,2011,6.53
Japan,2011,8.08
Laos,2011,2.1
Malaysia,2011,6.19
Mongolia,2011,6.23
Myanmar,2011,1.77
Nepal,2011,4.24
New Zealand,2011,9.26
North Korea,2011,1.08
Pakistan,2011,4.55
Papua New Guinea,2011,6.32
Philippines,2011,6.12
Singapore,2011,5.89
South Korea,2011,8.06
Sri Lanka,2011,6.58
Taiwan,2011,7.46
Thailand,2011,6.55
East Timor,2011,7.22
Vietnam,2011,2.96
Algeria,2011,3.44
Bahrain,2011,2.92
Egypt,2011,3.95
Iran,2011,1.98
Iraq,2011,4.03
Israel,2011,7.53
Jordan,2011,3.89
Kuwait,2011,3.74
Lebanon,2011,5.32
Libya,2011,3.55
Morocco,2011,3.83
Oman,2011,3.26
Palestine,2011,4.97
Qatar,2011,3.18
Saudi Arabia,2011,1.77
Sudan,2011,2.38
Syria,2011,1.99
Tunisia,2011,5.53
United Arab Emirates,2011,2.58
Yemen,2011,2.57
Angola,2011,3.32
Benin,2011,6.06
Botswana,2011,7.63
Burkina Faso,2011,3.59
Burundi,2011,4.01
Cape Verde,2011,7.92
Cameroon,2011,3.41
Central African Republic,2011,1.82
Chad,2011,1.62
Comoros,2011,3.52
Republic of the Congo,2011,2.89
Ivory Coast,2011,3.08
Democratic Republic of the Congo,2011,2.15
Djibouti,2011,2.68
Equatorial Guinea,2011,1.77
Eritrea,2011,2.34
Eswatini,2011,3.26
Ethiopia,2011,3.79
Gabon,2011,3.48
Gambia,2011,3.38
Ghana,2011,6.02
Guinea,2011,2.79
Guinea-Bissau,2011,1.99
Kenya,2011,4.71
Lesotho,2011,6.33
Liberia,2011,5.07
Madagascar,2011,3.93
Malawi,2011,5.84
Mali,2011,6.36
Mauritania,2011,4.17
Mauritius,2011,8.04
Mozambique,2011,4.9
Namibia,2011,6.24
Niger,2011,4.16
Nigeria,2011,3.83
Rwanda,2011,3.25
Senegal,2011,5.51
Sierra Leone,2011,4.51
South Africa,2011,7.79
Tanzania,2011,5.64
Togo,2011,3.45
Uganda,2011,5.13
Zambia,2011,6.19
Zimbabwe,2011,2.68
Canada,2010,9.08
United States,2010,8.18
Austria,2010,8.49
Belgium,2010,8.05
Cyprus,2010,7.29
Denmark,2010,9.52
Finland,2010,9.19
France,2010,7.77
Germany,2010,8.38
Greece,2010,7.92
Iceland,2010,9.65
Ireland,2010,8.79
Italy,2010,7.83
Luxembourg,2010,8.88
Malta,2010,8.28
Netherlands,2010,8.99
Norway,2010,9.8
Portugal,2010,8.02
Spain,2010,8.16
Sweden,2010,9.5
Switzerland,2010,9.09
Turkey,2010,5.73
United Kingdom,2010,8.16
Albania,2010,5.86
Armenia,2010,4.09
Azerbaijan,2010,3.15
Belarus,2010,3.34
Bosnia and Herzegovina,2010,5.32
Bulgaria,2010,6.84
Croatia,2010,6.81
Czech Republic,2010,8.19
Estonia,2010,7.68
Georgia,2010,4.59
Hungary,2010,7.21
Kazakhstan,2010,3.3
Kyrgyzstan,2010,4.31
Latvia,2010,7.05
Lithuania,2010,7.24
Moldova,2010,6.33
Montenegro,2010,6.27
North Macedonia,2010,6.16
Poland,2010,7.05
Romania,2010,6.6
Russia,2010,4.26
Serbia,2010,6.33
Slovakia,2010,7.35
Slovenia,2010,7.69
Tajikistan,2010,2.51
Turkmenistan,2010,1.72
Ukraine,2010,6.3
Uzbekistan,2010,1.74
Argentina,2010,6.84
Bolivia,2010,5.92
Brazil,2010,7.12
Chile,2010,7.67
Colombia,2010,6.55
Costa Rica,2010,8.04
Cuba,2010,3.52
Dominican Republic,2010,6.2
Ecuador,2010,5.77
El Salvador,2010,6.47
Guatemala,2010,6.05
Guyana,2010,6.05
Haiti,2010,4
Honduras,2010,5.76
Jamaica,2010,7.21
Mexico,2010,6.93
Nicaragua,2010,5.73
Panama,2010,7.15
Paraguay,2010,6.4
Peru,2010,6.4
Suriname,2010,6.65
Trinidad and Tobago,2010,7.16
Uruguay,2010,8.1
Venezuela,2010,5.18
Afghanistan,2010,2.48
Australia,2010,9.22
Bangladesh,2010,5.87
Bhutan,2010,4.68
Cambodia,2010,4.87
China,2010,3.14
Fiji,2010,3.62
Hong Kong,2010,5.92
India,2010,7.28
Indonesia,2010,6.53
Japan,2010,8.08
Laos,2010,2.1
Malaysia,2010,6.19
Mongolia,2010,6.36
Myanmar,2010,1.77
Nepal,2010,4.24
New Zealand,2010,9.26
North Korea,2010,1.08
Pakistan,2010,4.55
Papua New Guinea,2010,6.54
Philippines,2010,6.12
Singapore,2010,5.89
South Korea,2010,8.11
Sri Lanka,2010,6.64
Taiwan,2010,7.52
Thailand,2010,6.55
East Timor,2010,7.22
Vietnam,2010,2.94
Algeria,2010,3.44
Bahrain,2010,3.49
Egypt,2010,3.07
Iran,2010,1.94
Iraq,2010,4
Israel,2010,7.48
Jordan,2010,3.74
Kuwait,2010,3.88
Lebanon,2010,5.82
Libya,2010,1.94
Morocco,2010,3.79
Oman,2010,2.86
Palestine,2010,5.44
Qatar,2010,3.09
Saudi Arabia,2010,1.84
Sudan,2010,2.42
Syria,2010,2.31
Tunisia,2010,2.79
United Arab Emirates,2010,2.52
Yemen,2010,2.64
Angola,2010,3.32
Benin,2010,6.17
Botswana,2010,7.63
Burkina Faso,2010,3.59
Burundi,2010,4.01
Cape Verde,2010,7.94
Cameroon,2010,3.41
Central African Republic,2010,1.82
Chad,2010,1.52
Comoros,2010,3.41
Republic of the Congo,2010,2.89
Ivory Coast,2010,3.02
Democratic Republic of the Congo,2010,2.15
Djibouti,2010,2.2
Equatorial Guinea,2010,1.84
Eritrea,2010,2.31
Eswatini,2010,2.9
Ethiopia,2010,3.68
Gabon,2010,3.29
Gambia,2010,3.38
Ghana,2010,6.02
Guinea,2010,2.79
Guinea-Bissau,2010,1.99
Kenya,2010,4.71
Lesotho,2010,6.02
Liberia,2010,5.07
Madagascar,2010,3.94
Malawi,2010,5.84
Mali,2010,6.01
Mauritania,2010,3.86
Mauritius,2010,8.04
Mozambique,2010,4.9
Namibia,2010,6.23
Niger,2010,3.38
Nigeria,2010,3.47
Rwanda,2010,3.25
Senegal,2010,5.27
Sierra Leone,2010,4.51
South Africa,2010,7.79
Tanzania,2010,5.64
Togo,2010,3.45
Uganda,2010,5.05
Zambia,2010,5.68
Zimbabwe,2010,2.64